State,State Code,Year,Year Code,Gender,Gender Code,Cause of death,Cause of death Code,Deaths,Population,Crude Rate
Alabama,1,2013,2013,Female,F,Other ill-defined and unspecified causes of mortality,R99,24,314975,7.6
Alabama,1,2013,2013,Female,F,"Person injured in unspecified motor-vehicle accident, traffic",V89.2,17,314975,Unreliable
Alabama,1,2013,2013,Female,F,"Accidental poisoning by and exposure to narcotics and psychodysleptics [hallucinogens], not elsewhere classified",X42,10,314975,Unreliable
Alabama,1,2013,2013,Female,F,"Accidental poisoning by and exposure to other and unspecified drugs, medicaments and biological substances",X44,39,314975,12.4
Alabama,1,2013,2013,Female,F,Assault by other and unspecified firearm discharge,X95,10,314975,Unreliable
Alabama,1,2013,2013,Male,M,"Acute myocardial infarction, unspecified",I21.9,17,306009,Unreliable
Alabama,1,2013,2013,Male,M,"Cardiac arrest, unspecified",I46.9,14,306009,Unreliable
Alabama,1,2013,2013,Male,M,Other ill-defined and unspecified causes of mortality,R99,24,306009,7.8
Alabama,1,2013,2013,Male,M,Person injured in collision between other specified motor vehicles (traffic),V87.7,10,306009,Unreliable
Alabama,1,2013,2013,Male,M,"Person injured in unspecified motor-vehicle accident, traffic",V89.2,59,306009,19.3
Alabama,1,2013,2013,Male,M,"Accidental poisoning by and exposure to narcotics and psychodysleptics [hallucinogens], not elsewhere classified",X42,24,306009,7.8
Alabama,1,2013,2013,Male,M,"Accidental poisoning by and exposure to other and unspecified drugs, medicaments and biological substances",X44,73,306009,23.9
Alabama,1,2013,2013,Male,M,"Intentional self-harm by hanging, strangulation and suffocation",X70,24,306009,7.8
Alabama,1,2013,2013,Male,M,"Intentional self-harm by rifle, shotgun and larger firearm discharge",X73,10,306009,Unreliable
Alabama,1,2013,2013,Male,M,Intentional self-harm by other and unspecified firearm discharge,X74,51,306009,16.7
Alabama,1,2013,2013,Male,M,Assault by other and unspecified firearm discharge,X95,79,306009,25.8
Alaska,2,2013,2013,Male,M,"Accidental poisoning by and exposure to other and unspecified drugs, medicaments and biological substances",X44,10,61539,Unreliable
Alaska,2,2013,2013,Male,M,Intentional self-harm by handgun discharge,X72,14,61539,Unreliable
Alaska,2,2013,2013,Male,M,"Intentional self-harm by rifle, shotgun and larger firearm discharge",X73,12,61539,Unreliable
Arizona,4,2013,2013,Female,F,Alcoholic cirrhosis of liver,K70.3,10,427002,Unreliable
Arizona,4,2013,2013,Female,F,"Person injured in unspecified motor-vehicle accident, traffic",V89.2,22,427002,5.2
Arizona,4,2013,2013,Female,F,"Accidental poisoning by and exposure to narcotics and psychodysleptics [hallucinogens], not elsewhere classified",X42,17,427002,Unreliable
Arizona,4,2013,2013,Female,F,"Accidental poisoning by and exposure to other and unspecified drugs, medicaments and biological substances",X44,34,427002,8
Arizona,4,2013,2013,Female,F,"Intentional self-harm by hanging, strangulation and suffocation",X70,13,427002,Unreliable
Arizona,4,2013,2013,Female,F,Intentional self-harm by other and unspecified firearm discharge,X74,10,427002,Unreliable
Arizona,4,2013,2013,Male,M,Other ill-defined and unspecified causes of mortality,R99,10,454826,Unreliable
Arizona,4,2013,2013,Male,M,Pedestrian injured in traffic accident involving other and unspecified motor vehicles,V09.2,19,454826,Unreliable
Arizona,4,2013,2013,Male,M,"Person injured in unspecified motor-vehicle accident, traffic",V89.2,54,454826,11.9
Arizona,4,2013,2013,Male,M,"Accidental poisoning by and exposure to antiepileptic, sedative-hypnotic, antiparkinsonism and psychotropic drugs, not elsewhere classified",X41,10,454826,Unreliable
Arizona,4,2013,2013,Male,M,"Accidental poisoning by and exposure to narcotics and psychodysleptics [hallucinogens], not elsewhere classified",X42,56,454826,12.3
Arizona,4,2013,2013,Male,M,"Accidental poisoning by and exposure to other and unspecified drugs, medicaments and biological substances",X44,56,454826,12.3
Arizona,4,2013,2013,Male,M,Accidental poisoning by and exposure to alcohol,X45,21,454826,4.6
Arizona,4,2013,2013,Male,M,"Intentional self-harm by hanging, strangulation and suffocation",X70,39,454826,8.6
Arizona,4,2013,2013,Male,M,Intentional self-harm by handgun discharge,X72,13,454826,Unreliable
Arizona,4,2013,2013,Male,M,Intentional self-harm by other and unspecified firearm discharge,X74,58,454826,12.8
Arizona,4,2013,2013,Male,M,Assault by other and unspecified firearm discharge,X95,51,454826,11.2
Arizona,4,2013,2013,Male,M,Assault by sharp object,X99,14,454826,Unreliable
Arkansas,5,2013,2013,Female,F,"Person injured in unspecified motor-vehicle accident, traffic",V89.2,16,190906,Unreliable
Arkansas,5,2013,2013,Male,M,"Acute myocardial infarction, unspecified",I21.9,10,193126,Unreliable
Arkansas,5,2013,2013,Male,M,Other ill-defined and unspecified causes of mortality,R99,11,193126,Unreliable
Arkansas,5,2013,2013,Male,M,Person injured in collision between other specified motor vehicles (traffic),V87.7,15,193126,Unreliable
Arkansas,5,2013,2013,Male,M,"Person injured in unspecified motor-vehicle accident, traffic",V89.2,22,193126,11.4
Arkansas,5,2013,2013,Male,M,"Accidental poisoning by and exposure to other and unspecified drugs, medicaments and biological substances",X44,29,193126,15
Arkansas,5,2013,2013,Male,M,"Intentional self-harm by hanging, strangulation and suffocation",X70,28,193126,14.5
Arkansas,5,2013,2013,Male,M,Intentional self-harm by other and unspecified firearm discharge,X74,27,193126,14
Arkansas,5,2013,2013,Male,M,Assault by other and unspecified firearm discharge,X95,42,193126,21.7
California,6,2013,2013,Female,F,"Stomach, unspecified - Malignant neoplasms",C16.9,11,2714442,Unreliable
California,6,2013,2013,Female,F,"Colon, unspecified - Malignant neoplasms",C18.9,18,2714442,Unreliable
California,6,2013,2013,Female,F,"Breast, unspecified - Malignant neoplasms",C50.9,42,2714442,1.5
California,6,2013,2013,Female,F,"Cervix uteri, unspecified - Malignant neoplasms",C53.9,28,2714442,1
California,6,2013,2013,Female,F,Malignant neoplasm of ovary,C56,15,2714442,Unreliable
California,6,2013,2013,Female,F,"Brain, unspecified - Malignant neoplasms",C71.9,15,2714442,Unreliable
California,6,2013,2013,Female,F,Acute myeloid leukaemia - Malignant neoplasms,C92.0,10,2714442,Unreliable
California,6,2013,2013,Female,F,Other obesity,E66.8,10,2714442,Unreliable
California,6,2013,2013,Female,F,"Mental and behavioural disorders due to multiple drug use and use of other psychoactive substances, harmful use",F19.1,11,2714442,Unreliable
California,6,2013,2013,Female,F,"Infantile cerebral palsy, unspecified",G80.9,15,2714442,Unreliable
California,6,2013,2013,Female,F,"Pneumonia, unspecified",J18.9,10,2714442,Unreliable
California,6,2013,2013,Female,F,Alcoholic cirrhosis of liver,K70.3,14,2714442,Unreliable
California,6,2013,2013,Female,F,Systemic lupus erythematosus with organ or system involvement,M32.1,14,2714442,Unreliable
California,6,2013,2013,Female,F,Death from direct obstetric cause occurring more than 42 days but less than one year after delivery,O96.0,14,2714442,Unreliable
California,6,2013,2013,Female,F,Other ill-defined and unspecified causes of mortality,R99,21,2714442,0.8
California,6,2013,2013,Female,F,Pedestrian injured in traffic accident involving other and unspecified motor vehicles,V09.2,14,2714442,Unreliable
California,6,2013,2013,Female,F,"Car occupant injured in collision with car, pick-up truck or van, driver injured in traffic accident",V43.5,11,2714442,Unreliable
California,6,2013,2013,Female,F,Person injured in collision between other specified motor vehicles (traffic),V87.7,16,2714442,Unreliable
California,6,2013,2013,Female,F,"Person injured in unspecified motor-vehicle accident, traffic",V89.2,44,2714442,1.6
California,6,2013,2013,Female,F,"Accidental poisoning by and exposure to antiepileptic, sedative-hypnotic, antiparkinsonism and psychotropic drugs, not elsewhere classified",X41,21,2714442,0.8
California,6,2013,2013,Female,F,"Accidental poisoning by and exposure to narcotics and psychodysleptics [hallucinogens], not elsewhere classified",X42,23,2714442,0.8
California,6,2013,2013,Female,F,"Accidental poisoning by and exposure to other and unspecified drugs, medicaments and biological substances",X44,80,2714442,2.9
California,6,2013,2013,Female,F,"Intentional self-poisoning by and exposure to other and unspecified drugs, medicaments and biological substances",X64,22,2714442,0.8
California,6,2013,2013,Female,F,"Intentional self-harm by hanging, strangulation and suffocation",X70,44,2714442,1.6
California,6,2013,2013,Female,F,Intentional self-harm by handgun discharge,X72,14,2714442,Unreliable
California,6,2013,2013,Female,F,Assault by other and unspecified firearm discharge,X95,28,2714442,1
California,6,2013,2013,Male,M,HIV disease resulting in multiple diseases classified elsewhere,B22.7,11,2876844,Unreliable
California,6,2013,2013,Male,M,"Stomach, unspecified - Malignant neoplasms",C16.9,12,2876844,Unreliable
California,6,2013,2013,Male,M,"Colon, unspecified - Malignant neoplasms",C18.9,15,2876844,Unreliable
California,6,2013,2013,Male,M,Malignant neoplasm of rectum,C20,10,2876844,Unreliable
California,6,2013,2013,Male,M,"Connective and soft tissue, unspecified - Malignant neoplasms",C49.9,11,2876844,Unreliable
California,6,2013,2013,Male,M,"Testis, unspecified - Malignant neoplasms",C62.9,22,2876844,0.8
California,6,2013,2013,Male,M,"Brain, unspecified - Malignant neoplasms",C71.9,25,2876844,0.9
California,6,2013,2013,Male,M,"Hodgkin disease, unspecified",C81.9,14,2876844,Unreliable
California,6,2013,2013,Male,M,Acute lymphoblastic leukaemia - Malignant neoplasms,C91.0,15,2876844,Unreliable
California,6,2013,2013,Male,M,Acute myeloid leukaemia - Malignant neoplasms,C92.0,10,2876844,Unreliable
California,6,2013,2013,Male,M,"Unspecified diabetes mellitus, with ketoacidosis",E14.1,15,2876844,Unreliable
California,6,2013,2013,Male,M,Other obesity,E66.8,25,2876844,0.9
California,6,2013,2013,Male,M,"Epilepsy, unspecified",G40.9,12,2876844,Unreliable
California,6,2013,2013,Male,M,"Infantile cerebral palsy, unspecified",G80.9,11,2876844,Unreliable
California,6,2013,2013,Male,M,Hypertensive heart disease without (congestive) heart failure,I11.9,39,2876844,1.4
California,6,2013,2013,Male,M,"Acute myocardial infarction, unspecified",I21.9,18,2876844,Unreliable
California,6,2013,2013,Male,M,"Atherosclerotic cardiovascular disease, so described",I25.0,21,2876844,0.7
California,6,2013,2013,Male,M,Atherosclerotic heart disease,I25.1,22,2876844,0.8
California,6,2013,2013,Male,M,Dilated cardiomyopathy,I42.0,11,2876844,Unreliable
California,6,2013,2013,Male,M,"Cardiomyopathy, unspecified",I42.9,32,2876844,1.1
California,6,2013,2013,Male,M,Cardiomegaly,I51.7,20,2876844,0.7
California,6,2013,2013,Male,M,Dissection of aorta [any part],I71.0,12,2876844,Unreliable
California,6,2013,2013,Male,M,"Pneumonia, unspecified",J18.9,12,2876844,Unreliable
California,6,2013,2013,Male,M,Alcoholic cirrhosis of liver,K70.3,42,2876844,1.5
California,6,2013,2013,Male,M,"Alcoholic liver disease, unspecified",K70.9,12,2876844,Unreliable
California,6,2013,2013,Male,M,Other ill-defined and unspecified causes of mortality,R99,47,2876844,1.6
California,6,2013,2013,Male,M,"Pedestrian injured in collision with car, pick-up truck or van, traffic accident",V03.1,27,2876844,0.9
California,6,2013,2013,Male,M,Pedestrian injured in traffic accident involving other and unspecified motor vehicles,V09.2,43,2876844,1.5
California,6,2013,2013,Male,M,"Motorcycle rider injured in collision with car, pick-up truck or van, driver injured in traffic accident",V23.4,27,2876844,0.9
California,6,2013,2013,Male,M,"Motorcycle rider injured in collision with fixed or stationary object, driver injured in traffic accident",V27.4,18,2876844,Unreliable
California,6,2013,2013,Male,M,"Motorcycle rider injured in noncollision transport accident, driver injured in traffic accident",V28.4,15,2876844,Unreliable
California,6,2013,2013,Male,M,Driver injured in collision with other and unspecified motor vehicles in traffic accident,V29.4,16,2876844,Unreliable
California,6,2013,2013,Male,M,Motorcycle rider [any] injured in unspecified traffic accident,V29.9,11,2876844,Unreliable
California,6,2013,2013,Male,M,"Car occupant injured in collision with car, pick-up truck or van, driver injured in traffic accident",V43.5,20,2876844,0.7
California,6,2013,2013,Male,M,"Car occupant injured in collision with fixed or stationary object, driver injured in traffic accident",V47.5,19,2876844,Unreliable
California,6,2013,2013,Male,M,Person injured in collision between other specified motor vehicles (traffic),V87.7,34,2876844,1.2
California,6,2013,2013,Male,M,"Person injured in unspecified motor-vehicle accident, traffic",V89.2,122,2876844,4.2
California,6,2013,2013,Male,M,Drowning and submersion while in natural water,W69,24,2876844,0.8
California,6,2013,2013,Male,M,"Accidental poisoning by and exposure to antiepileptic, sedative-hypnotic, antiparkinsonism and psychotropic drugs, not elsewhere classified",X41,77,2876844,2.7
California,6,2013,2013,Male,M,"Accidental poisoning by and exposure to narcotics and psychodysleptics [hallucinogens], not elsewhere classified",X42,184,2876844,6.4
California,6,2013,2013,Male,M,"Accidental poisoning by and exposure to other and unspecified drugs, medicaments and biological substances",X44,192,2876844,6.7
California,6,2013,2013,Male,M,Accidental poisoning by and exposure to alcohol,X45,24,2876844,0.8
California,6,2013,2013,Male,M,"Intentional self-poisoning by and exposure to narcotics and psychodysleptics [hallucinogens], not elsewhere classified",X62,10,2876844,Unreliable
California,6,2013,2013,Male,M,"Intentional self-poisoning by and exposure to other and unspecified drugs, medicaments and biological substances",X64,13,2876844,Unreliable
California,6,2013,2013,Male,M,Intentional self-poisoning by and exposure to other gases and vapours,X67,11,2876844,Unreliable
California,6,2013,2013,Male,M,"Intentional self-harm by hanging, strangulation and suffocation",X70,168,2876844,5.8
California,6,2013,2013,Male,M,Intentional self-harm by handgun discharge,X72,82,2876844,2.9
California,6,2013,2013,Male,M,"Intentional self-harm by rifle, shotgun and larger firearm discharge",X73,32,2876844,1.1
California,6,2013,2013,Male,M,Intentional self-harm by other and unspecified firearm discharge,X74,48,2876844,1.7
California,6,2013,2013,Male,M,Intentional self-harm by sharp object,X78,10,2876844,Unreliable
California,6,2013,2013,Male,M,Intentional self-harm by jumping from a high place,X80,38,2876844,1.3
California,6,2013,2013,Male,M,Intentional self-harm by jumping or lying before moving object,X81,17,2876844,Unreliable
California,6,2013,2013,Male,M,Assault by handgun discharge,X93,47,2876844,1.6
California,6,2013,2013,Male,M,"Assault by rifle, shotgun and larger firearm discharge",X94,11,2876844,Unreliable
California,6,2013,2013,Male,M,Assault by other and unspecified firearm discharge,X95,260,2876844,9
California,6,2013,2013,Male,M,Assault by sharp object,X99,45,2876844,1.6
California,6,2013,2013,Male,M,Assault by unspecified means,Y09,26,2876844,0.9
California,6,2013,2013,Male,M,"Poisoning by and exposure to other and unspecified drugs, medicaments and biological substances, undetermined intent",Y14,11,2876844,Unreliable
California,6,2013,2013,Male,M,Legal intervention involving firearm discharge,Y35.0,31,2876844,1.1
Colorado,8,2013,2013,Female,F,"Person injured in unspecified motor-vehicle accident, traffic",V89.2,14,375390,Unreliable
Colorado,8,2013,2013,Female,F,"Accidental poisoning by and exposure to narcotics and psychodysleptics [hallucinogens], not elsewhere classified",X42,14,375390,Unreliable
Colorado,8,2013,2013,Female,F,"Accidental poisoning by and exposure to other and unspecified drugs, medicaments and biological substances",X44,21,375390,5.6
Colorado,8,2013,2013,Female,F,"Intentional self-harm by hanging, strangulation and suffocation",X70,14,375390,Unreliable
Colorado,8,2013,2013,Male,M,Person injured in collision between other specified motor vehicles (traffic),V87.7,10,404296,Unreliable
Colorado,8,2013,2013,Male,M,"Person injured in unspecified motor-vehicle accident, traffic",V89.2,29,404296,7.2
Colorado,8,2013,2013,Male,M,"Accidental poisoning by and exposure to narcotics and psychodysleptics [hallucinogens], not elsewhere classified",X42,48,404296,11.9
Colorado,8,2013,2013,Male,M,"Accidental poisoning by and exposure to other and unspecified drugs, medicaments and biological substances",X44,36,404296,8.9
Colorado,8,2013,2013,Male,M,"Intentional self-harm by hanging, strangulation and suffocation",X70,43,404296,10.6
Colorado,8,2013,2013,Male,M,Intentional self-harm by handgun discharge,X72,17,404296,Unreliable
Colorado,8,2013,2013,Male,M,Intentional self-harm by other and unspecified firearm discharge,X74,44,404296,10.9
Colorado,8,2013,2013,Male,M,Assault by other and unspecified firearm discharge,X95,15,404296,Unreliable
Connecticut,9,2013,2013,Female,F,"Person injured in unspecified motor-vehicle accident, traffic",V89.2,10,218804,Unreliable
Connecticut,9,2013,2013,Female,F,"Accidental poisoning by and exposure to narcotics and psychodysleptics [hallucinogens], not elsewhere classified",X42,23,218804,10.5
Connecticut,9,2013,2013,Male,M,"Person injured in unspecified motor-vehicle accident, traffic",V89.2,25,220789,11.3
Connecticut,9,2013,2013,Male,M,"Accidental poisoning by and exposure to narcotics and psychodysleptics [hallucinogens], not elsewhere classified",X42,71,220789,32.2
Connecticut,9,2013,2013,Male,M,"Accidental poisoning by and exposure to other and unspecified drugs, medicaments and biological substances",X44,17,220789,Unreliable
Connecticut,9,2013,2013,Male,M,"Intentional self-harm by hanging, strangulation and suffocation",X70,13,220789,Unreliable
Connecticut,9,2013,2013,Male,M,Intentional self-harm by other and unspecified firearm discharge,X74,13,220789,Unreliable
Connecticut,9,2013,2013,Male,M,Assault by other and unspecified firearm discharge,X95,20,220789,9.1
Delaware,10,2013,2013,Male,M,"Accidental poisoning by and exposure to narcotics and psychodysleptics [hallucinogens], not elsewhere classified",X42,14,59640,Unreliable
Delaware,10,2013,2013,Male,M,"Accidental poisoning by and exposure to other and unspecified drugs, medicaments and biological substances",X44,11,59640,Unreliable
District of Columbia,11,2013,2013,Male,M,Assault by other and unspecified firearm discharge,X95,28,68295,41
Florida,12,2013,2013,Female,F,"Breast, unspecified - Malignant neoplasms",C50.9,17,1214118,Unreliable
Florida,12,2013,2013,Female,F,"Cervix uteri, unspecified - Malignant neoplasms",C53.9,18,1214118,Unreliable
Florida,12,2013,2013,Female,F,Pedestrian injured in traffic accident involving other and unspecified motor vehicles,V09.2,15,1214118,Unreliable
Florida,12,2013,2013,Female,F,"Person injured in unspecified motor-vehicle accident, traffic",V89.2,38,1214118,3.1
Florida,12,2013,2013,Female,F,"Accidental poisoning by and exposure to narcotics and psychodysleptics [hallucinogens], not elsewhere classified",X42,38,1214118,3.1
Florida,12,2013,2013,Female,F,"Accidental poisoning by and exposure to other and unspecified drugs, medicaments and biological substances",X44,74,1214118,6.1
Florida,12,2013,2013,Female,F,"Intentional self-poisoning by and exposure to other and unspecified drugs, medicaments and biological substances",X64,11,1214118,Unreliable
Florida,12,2013,2013,Female,F,"Intentional self-harm by hanging, strangulation and suffocation",X70,14,1214118,Unreliable
Florida,12,2013,2013,Female,F,Intentional self-harm by handgun discharge,X72,13,1214118,Unreliable
Florida,12,2013,2013,Female,F,Intentional self-harm by other and unspecified firearm discharge,X74,19,1214118,Unreliable
Florida,12,2013,2013,Female,F,Assault by other and unspecified firearm discharge,X95,23,1214118,1.9
Florida,12,2013,2013,Male,M,"Septicaemia, unspecified",A41.9,11,1242081,Unreliable
Florida,12,2013,2013,Male,M,Unspecified human immunodeficiency virus [HIV] disease,B24,17,1242081,Unreliable
Florida,12,2013,2013,Male,M,"Brain, unspecified - Malignant neoplasms",C71.9,16,1242081,Unreliable
Florida,12,2013,2013,Male,M,Malignant neoplasm without specification of site,C80,10,1242081,Unreliable
Florida,12,2013,2013,Male,M,"Epilepsy, unspecified",G40.9,10,1242081,Unreliable
Florida,12,2013,2013,Male,M,"Infantile cerebral palsy, unspecified",G80.9,10,1242081,Unreliable
Florida,12,2013,2013,Male,M,Hypertensive heart disease without (congestive) heart failure,I11.9,21,1242081,1.7
Florida,12,2013,2013,Male,M,"Acute myocardial infarction, unspecified",I21.9,15,1242081,Unreliable
Florida,12,2013,2013,Male,M,Atherosclerotic heart disease,I25.1,17,1242081,Unreliable
Florida,12,2013,2013,Male,M,Dilated cardiomyopathy,I42.0,11,1242081,Unreliable
Florida,12,2013,2013,Male,M,Other ill-defined and unspecified causes of mortality,R99,17,1242081,Unreliable
Florida,12,2013,2013,Male,M,"Pedestrian injured in collision with car, pick-up truck or van, traffic accident",V03.1,12,1242081,Unreliable
Florida,12,2013,2013,Male,M,Pedestrian injured in traffic accident involving other and unspecified motor vehicles,V09.2,23,1242081,1.9
Florida,12,2013,2013,Male,M,"Motorcycle rider injured in collision with car, pick-up truck or van, driver injured in traffic accident",V23.4,19,1242081,Unreliable
Florida,12,2013,2013,Male,M,"Motorcycle rider injured in collision with fixed or stationary object, driver injured in traffic accident",V27.4,10,1242081,Unreliable
Florida,12,2013,2013,Male,M,Driver injured in collision with other and unspecified motor vehicles in traffic accident,V29.4,27,1242081,2.2
Florida,12,2013,2013,Male,M,Motorcycle rider [any] injured in unspecified traffic accident,V29.9,13,1242081,Unreliable
Florida,12,2013,2013,Male,M,"Car occupant injured in collision with fixed or stationary object, driver injured in traffic accident",V47.5,10,1242081,Unreliable
Florida,12,2013,2013,Male,M,Person injured in collision between other specified motor vehicles (traffic),V87.7,27,1242081,2.2
Florida,12,2013,2013,Male,M,"Person injured in unspecified motor-vehicle accident, traffic",V89.2,87,1242081,7
Florida,12,2013,2013,Male,M,Drowning and submersion while in natural water,W69,14,1242081,Unreliable
Florida,12,2013,2013,Male,M,"Accidental poisoning by and exposure to narcotics and psychodysleptics [hallucinogens], not elsewhere classified",X42,116,1242081,9.3
Florida,12,2013,2013,Male,M,"Accidental poisoning by and exposure to other and unspecified drugs, medicaments and biological substances",X44,145,1242081,11.7
Florida,12,2013,2013,Male,M,Accidental poisoning by and exposure to alcohol,X45,10,1242081,Unreliable
Florida,12,2013,2013,Male,M,"Intentional self-poisoning by and exposure to other and unspecified drugs, medicaments and biological substances",X64,12,1242081,Unreliable
Florida,12,2013,2013,Male,M,"Intentional self-harm by hanging, strangulation and suffocation",X70,83,1242081,6.7
Florida,12,2013,2013,Male,M,Intentional self-harm by handgun discharge,X72,31,1242081,2.5
Florida,12,2013,2013,Male,M,"Intentional self-harm by rifle, shotgun and larger firearm discharge",X73,13,1242081,Unreliable
Florida,12,2013,2013,Male,M,Intentional self-harm by other and unspecified firearm discharge,X74,98,1242081,7.9
Florida,12,2013,2013,Male,M,Intentional self-harm by jumping from a high place,X80,10,1242081,Unreliable
Florida,12,2013,2013,Male,M,Assault by handgun discharge,X93,23,1242081,1.9
Florida,12,2013,2013,Male,M,Assault by other and unspecified firearm discharge,X95,190,1242081,15.3
Florida,12,2013,2013,Male,M,Assault by sharp object,X99,19,1242081,Unreliable
Florida,12,2013,2013,Male,M,Assault by unspecified means,Y09,10,1242081,Unreliable
Georgia,13,2013,2013,Female,F,"Breast, unspecified - Malignant neoplasms",C50.9,12,688866,Unreliable
Georgia,13,2013,2013,Female,F,"Person injured in unspecified motor-vehicle accident, traffic",V89.2,36,688866,5.2
Georgia,13,2013,2013,Female,F,"Accidental poisoning by and exposure to narcotics and psychodysleptics [hallucinogens], not elsewhere classified",X42,15,688866,Unreliable
Georgia,13,2013,2013,Female,F,"Accidental poisoning by and exposure to other and unspecified drugs, medicaments and biological substances",X44,29,688866,4.2
Georgia,13,2013,2013,Female,F,Intentional self-harm by other and unspecified firearm discharge,X74,11,688866,Unreliable
Georgia,13,2013,2013,Female,F,Assault by other and unspecified firearm discharge,X95,12,688866,Unreliable
Georgia,13,2013,2013,Male,M,"Septicaemia, unspecified",A41.9,10,676374,Unreliable
Georgia,13,2013,2013,Male,M,"Brain, unspecified - Malignant neoplasms",C71.9,13,676374,Unreliable
Georgia,13,2013,2013,Male,M,Hypertensive heart disease without (congestive) heart failure,I11.9,12,676374,Unreliable
Georgia,13,2013,2013,Male,M,Pedestrian injured in traffic accident involving other and unspecified motor vehicles,V09.2,14,676374,Unreliable
Georgia,13,2013,2013,Male,M,"Car occupant injured in collision with fixed or stationary object, driver injured in traffic accident",V47.5,11,676374,Unreliable
Georgia,13,2013,2013,Male,M,Person injured in collision between other specified motor vehicles (traffic),V87.7,10,676374,Unreliable
Georgia,13,2013,2013,Male,M,"Person injured in unspecified motor-vehicle accident, traffic",V89.2,58,676374,8.6
Georgia,13,2013,2013,Male,M,Drowning and submersion while in natural water,W69,10,676374,Unreliable
Georgia,13,2013,2013,Male,M,"Accidental poisoning by and exposure to antiepileptic, sedative-hypnotic, antiparkinsonism and psychotropic drugs, not elsewhere classified",X41,17,676374,Unreliable
Georgia,13,2013,2013,Male,M,"Accidental poisoning by and exposure to narcotics and psychodysleptics [hallucinogens], not elsewhere classified",X42,46,676374,6.8
Georgia,13,2013,2013,Male,M,"Accidental poisoning by and exposure to other and unspecified drugs, medicaments and biological substances",X44,72,676374,10.6
Georgia,13,2013,2013,Male,M,"Intentional self-harm by hanging, strangulation and suffocation",X70,46,676374,6.8
Georgia,13,2013,2013,Male,M,Intentional self-harm by handgun discharge,X72,29,676374,4.3
Georgia,13,2013,2013,Male,M,Intentional self-harm by other and unspecified firearm discharge,X74,68,676374,10.1
Georgia,13,2013,2013,Male,M,Assault by other and unspecified firearm discharge,X95,108,676374,16
Georgia,13,2013,2013,Male,M,Assault by sharp object,X99,10,676374,Unreliable
Hawaii,15,2013,2013,Male,M,"Intentional self-harm by hanging, strangulation and suffocation",X70,14,110040,Unreliable
Idaho,16,2013,2013,Male,M,Intentional self-harm by handgun discharge,X72,13,107463,Unreliable
Idaho,16,2013,2013,Male,M,Intentional self-harm by other and unspecified firearm discharge,X74,11,107463,Unreliable
Illinois,17,2013,2013,Female,F,"Breast, unspecified - Malignant neoplasms",C50.9,18,887608,Unreliable
Illinois,17,2013,2013,Female,F,"Person injured in unspecified motor-vehicle accident, traffic",V89.2,19,887608,Unreliable
Illinois,17,2013,2013,Female,F,"Accidental poisoning by and exposure to narcotics and psychodysleptics [hallucinogens], not elsewhere classified",X42,56,887608,6.3
Illinois,17,2013,2013,Female,F,"Accidental poisoning by and exposure to other and unspecified drugs, medicaments and biological substances",X44,20,887608,2.3
Illinois,17,2013,2013,Female,F,"Intentional self-harm by hanging, strangulation and suffocation",X70,14,887608,Unreliable
Illinois,17,2013,2013,Female,F,Intentional self-harm by other and unspecified firearm discharge,X74,10,887608,Unreliable
Illinois,17,2013,2013,Female,F,Assault by other and unspecified firearm discharge,X95,11,887608,Unreliable
Illinois,17,2013,2013,Female,F,Assault by sharp object,X99,13,887608,Unreliable
Illinois,17,2013,2013,Male,M,Hypertensive heart disease without (congestive) heart failure,I11.9,21,897234,2.3
Illinois,17,2013,2013,Male,M,"Acute myocardial infarction, unspecified",I21.9,12,897234,Unreliable
Illinois,17,2013,2013,Male,M,Atherosclerotic heart disease,I25.1,12,897234,Unreliable
Illinois,17,2013,2013,Male,M,Dilated cardiomyopathy,I42.0,13,897234,Unreliable
Illinois,17,2013,2013,Male,M,Other ill-defined and unspecified causes of mortality,R99,10,897234,Unreliable
Illinois,17,2013,2013,Male,M,Motorcycle rider [any] injured in unspecified traffic accident,V29.9,11,897234,Unreliable
Illinois,17,2013,2013,Male,M,Person injured in collision between other specified motor vehicles (traffic),V87.7,18,897234,Unreliable
Illinois,17,2013,2013,Male,M,"Person injured in unspecified motor-vehicle accident, traffic",V89.2,48,897234,5.3
Illinois,17,2013,2013,Male,M,"Accidental poisoning by and exposure to narcotics and psychodysleptics [hallucinogens], not elsewhere classified",X42,183,897234,20.4
Illinois,17,2013,2013,Male,M,"Accidental poisoning by and exposure to other and unspecified drugs, medicaments and biological substances",X44,45,897234,5
Illinois,17,2013,2013,Male,M,"Intentional self-harm by hanging, strangulation and suffocation",X70,69,897234,7.7
Illinois,17,2013,2013,Male,M,Intentional self-harm by other and unspecified firearm discharge,X74,50,897234,5.6
Illinois,17,2013,2013,Male,M,Assault by other and unspecified firearm discharge,X95,177,897234,19.7
Illinois,17,2013,2013,Male,M,Assault by sharp object,X99,17,897234,Unreliable
Indiana,18,2013,2013,Female,F,"Person injured in unspecified motor-vehicle accident, traffic",V89.2,16,420054,Unreliable
Indiana,18,2013,2013,Female,F,"Accidental poisoning by and exposure to narcotics and psychodysleptics [hallucinogens], not elsewhere classified",X42,14,420054,Unreliable
Indiana,18,2013,2013,Female,F,"Accidental poisoning by and exposure to other and unspecified drugs, medicaments and biological substances",X44,48,420054,11.4
Indiana,18,2013,2013,Female,F,"Intentional self-harm by hanging, strangulation and suffocation",X70,13,420054,Unreliable
Indiana,18,2013,2013,Female,F,Intentional self-harm by other and unspecified firearm discharge,X74,12,420054,Unreliable
Indiana,18,2013,2013,Female,F,Assault by other and unspecified firearm discharge,X95,11,420054,Unreliable
Indiana,18,2013,2013,Male,M,Person injured in collision between other specified motor vehicles (traffic),V87.7,12,422529,Unreliable
Indiana,18,2013,2013,Male,M,"Person injured in unspecified motor-vehicle accident, traffic",V89.2,41,422529,9.7
Indiana,18,2013,2013,Male,M,"Accidental poisoning by and exposure to narcotics and psychodysleptics [hallucinogens], not elsewhere classified",X42,58,422529,13.7
Indiana,18,2013,2013,Male,M,"Accidental poisoning by and exposure to other and unspecified drugs, medicaments and biological substances",X44,106,422529,25.1
Indiana,18,2013,2013,Male,M,"Intentional self-harm by hanging, strangulation and suffocation",X70,45,422529,10.7
Indiana,18,2013,2013,Male,M,Intentional self-harm by handgun discharge,X72,12,422529,Unreliable
Indiana,18,2013,2013,Male,M,Intentional self-harm by other and unspecified firearm discharge,X74,50,422529,11.8
Indiana,18,2013,2013,Male,M,Assault by other and unspecified firearm discharge,X95,65,422529,15.4
Iowa,19,2013,2013,Female,F,"Accidental poisoning by and exposure to other and unspecified drugs, medicaments and biological substances",X44,10,190990,Unreliable
Iowa,19,2013,2013,Male,M,"Accidental poisoning by and exposure to other and unspecified drugs, medicaments and biological substances",X44,13,199603,Unreliable
Iowa,19,2013,2013,Male,M,"Intentional self-harm by hanging, strangulation and suffocation",X70,29,199603,14.5
Iowa,19,2013,2013,Male,M,Intentional self-harm by handgun discharge,X72,13,199603,Unreliable
Kansas,20,2013,2013,Female,F,"Accidental poisoning by and exposure to narcotics and psychodysleptics [hallucinogens], not elsewhere classified",X42,10,188701,Unreliable
Kansas,20,2013,2013,Male,M,"Accidental poisoning by and exposure to narcotics and psychodysleptics [hallucinogens], not elsewhere classified",X42,14,198696,Unreliable
Kansas,20,2013,2013,Male,M,"Accidental poisoning by and exposure to other and unspecified drugs, medicaments and biological substances",X44,16,198696,Unreliable
Kansas,20,2013,2013,Male,M,"Intentional self-harm by hanging, strangulation and suffocation",X70,22,198696,11.1
Kansas,20,2013,2013,Male,M,Intentional self-harm by other and unspecified firearm discharge,X74,20,198696,10.1
Kansas,20,2013,2013,Male,M,Assault by other and unspecified firearm discharge,X95,24,198696,12.1
Kentucky,21,2013,2013,Female,F,"Person injured in unspecified motor-vehicle accident, traffic",V89.2,12,280094,Unreliable
Kentucky,21,2013,2013,Female,F,"Accidental poisoning by and exposure to narcotics and psychodysleptics [hallucinogens], not elsewhere classified",X42,18,280094,Unreliable
Kentucky,21,2013,2013,Female,F,"Accidental poisoning by and exposure to other and unspecified drugs, medicaments and biological substances",X44,42,280094,15
Kentucky,21,2013,2013,Male,M,"Acute myocardial infarction, unspecified",I21.9,12,283941,Unreliable
Kentucky,21,2013,2013,Male,M,"Person injured in unspecified motor-vehicle accident, traffic",V89.2,28,283941,9.9
Kentucky,21,2013,2013,Male,M,"Accidental poisoning by and exposure to narcotics and psychodysleptics [hallucinogens], not elsewhere classified",X42,52,283941,18.3
Kentucky,21,2013,2013,Male,M,"Accidental poisoning by and exposure to other and unspecified drugs, medicaments and biological substances",X44,77,283941,27.1
Kentucky,21,2013,2013,Male,M,"Intentional self-harm by hanging, strangulation and suffocation",X70,18,283941,Unreliable
Kentucky,21,2013,2013,Male,M,Intentional self-harm by other and unspecified firearm discharge,X74,45,283941,15.8
Kentucky,21,2013,2013,Male,M,Assault by other and unspecified firearm discharge,X95,33,283941,11.6
Louisiana,22,2013,2013,Female,F,"Breast, unspecified - Malignant neoplasms",C50.9,10,330501,Unreliable
Louisiana,22,2013,2013,Female,F,"Person injured in unspecified motor-vehicle accident, traffic",V89.2,16,330501,Unreliable
Louisiana,22,2013,2013,Female,F,"Accidental poisoning by and exposure to narcotics and psychodysleptics [hallucinogens], not elsewhere classified",X42,13,330501,Unreliable
Louisiana,22,2013,2013,Female,F,"Accidental poisoning by and exposure to other and unspecified drugs, medicaments and biological substances",X44,29,330501,8.8
Louisiana,22,2013,2013,Female,F,Assault by other and unspecified firearm discharge,X95,16,330501,Unreliable
Louisiana,22,2013,2013,Male,M,Person injured in collision between other specified motor vehicles (traffic),V87.7,10,331643,Unreliable
Louisiana,22,2013,2013,Male,M,"Person injured in unspecified motor-vehicle accident, traffic",V89.2,48,331643,14.5
Louisiana,22,2013,2013,Male,M,"Accidental poisoning by and exposure to narcotics and psychodysleptics [hallucinogens], not elsewhere classified",X42,48,331643,14.5
Louisiana,22,2013,2013,Male,M,"Accidental poisoning by and exposure to other and unspecified drugs, medicaments and biological substances",X44,75,331643,22.6
Louisiana,22,2013,2013,Male,M,"Intentional self-harm by hanging, strangulation and suffocation",X70,22,331643,6.6
Louisiana,22,2013,2013,Male,M,Intentional self-harm by other and unspecified firearm discharge,X74,41,331643,12.4
Louisiana,22,2013,2013,Male,M,Assault by other and unspecified firearm discharge,X95,118,331643,35.6
Maine,23,2013,2013,Male,M,"Accidental poisoning by and exposure to narcotics and psychodysleptics [hallucinogens], not elsewhere classified",X42,12,74946,Unreliable
Maine,23,2013,2013,Male,M,"Accidental poisoning by and exposure to other and unspecified drugs, medicaments and biological substances",X44,12,74946,Unreliable
Maryland,24,2013,2013,Female,F,"Accidental poisoning by and exposure to narcotics and psychodysleptics [hallucinogens], not elsewhere classified",X42,10,412495,Unreliable
Maryland,24,2013,2013,Female,F,"Poisoning by and exposure to narcotics and psychodysleptics [hallucinogens], not elsewhere classified, undetermined intent",Y12,39,412495,9.5
Maryland,24,2013,2013,Male,M,Hypertensive heart disease without (congestive) heart failure,I11.9,11,405256,Unreliable
Maryland,24,2013,2013,Male,M,Cardiomegaly,I51.7,12,405256,Unreliable
Maryland,24,2013,2013,Male,M,"Accidental poisoning by and exposure to narcotics and psychodysleptics [hallucinogens], not elsewhere classified",X42,30,405256,7.4
Maryland,24,2013,2013,Male,M,"Accidental poisoning by and exposure to other and unspecified drugs, medicaments and biological substances",X44,13,405256,Unreliable
Maryland,24,2013,2013,Male,M,"Intentional self-harm by hanging, strangulation and suffocation",X70,25,405256,6.2
Maryland,24,2013,2013,Male,M,Intentional self-harm by other and unspecified firearm discharge,X74,25,405256,6.2
Maryland,24,2013,2013,Male,M,Assault by other and unspecified firearm discharge,X95,100,405256,24.7
Maryland,24,2013,2013,Male,M,"Poisoning by and exposure to narcotics and psychodysleptics [hallucinogens], not elsewhere classified, undetermined intent",Y12,86,405256,21.2
Maryland,24,2013,2013,Male,M,"Poisoning by and exposure to other and unspecified drugs, medicaments and biological substances, undetermined intent",Y14,11,405256,Unreliable
Massachusetts,25,2013,2013,Female,F,"Breast, unspecified - Malignant neoplasms",C50.9,12,460264,Unreliable
Massachusetts,25,2013,2013,Female,F,Other ill-defined and unspecified causes of mortality,R99,29,460264,6.3
Massachusetts,25,2013,2013,Female,F,"Accidental poisoning by and exposure to narcotics and psychodysleptics [hallucinogens], not elsewhere classified",X42,45,460264,9.8
Massachusetts,25,2013,2013,Female,F,"Accidental poisoning by and exposure to other and unspecified drugs, medicaments and biological substances",X44,24,460264,5.2
Massachusetts,25,2013,2013,Female,F,"Intentional self-harm by hanging, strangulation and suffocation",X70,12,460264,Unreliable
Massachusetts,25,2013,2013,Male,M,"Mental and behavioural disorders due to multiple drug use and use of other psychoactive substances, harmful use",F19.1,10,452533,Unreliable
Massachusetts,25,2013,2013,Male,M,Other ill-defined and unspecified causes of mortality,R99,46,452533,10.2
Massachusetts,25,2013,2013,Male,M,"Person injured in unspecified motor-vehicle accident, traffic",V89.2,12,452533,Unreliable
Massachusetts,25,2013,2013,Male,M,"Accidental poisoning by and exposure to narcotics and psychodysleptics [hallucinogens], not elsewhere classified",X42,144,452533,31.8
Massachusetts,25,2013,2013,Male,M,"Accidental poisoning by and exposure to other and unspecified drugs, medicaments and biological substances",X44,39,452533,8.6
Massachusetts,25,2013,2013,Male,M,"Intentional self-harm by hanging, strangulation and suffocation",X70,42,452533,9.3
Massachusetts,25,2013,2013,Male,M,Intentional self-harm by other and unspecified firearm discharge,X74,12,452533,Unreliable
Massachusetts,25,2013,2013,Male,M,Assault by other and unspecified firearm discharge,X95,30,452533,6.6
Michigan,26,2013,2013,Female,F,"Breast, unspecified - Malignant neoplasms",C50.9,11,591697,Unreliable
Michigan,26,2013,2013,Female,F,"Mental and behavioural disorders due to multiple drug use and use of other psychoactive substances, harmful use",F19.1,16,591697,Unreliable
Michigan,26,2013,2013,Female,F,"Person injured in unspecified motor-vehicle accident, traffic",V89.2,14,591697,Unreliable
Michigan,26,2013,2013,Female,F,"Accidental poisoning by and exposure to narcotics and psychodysleptics [hallucinogens], not elsewhere classified",X42,33,591697,5.6
Michigan,26,2013,2013,Female,F,"Accidental poisoning by and exposure to other and unspecified drugs, medicaments and biological substances",X44,43,591697,7.3
Michigan,26,2013,2013,Female,F,"Intentional self-harm by hanging, strangulation and suffocation",X70,13,591697,Unreliable
Michigan,26,2013,2013,Female,F,Assault by other and unspecified firearm discharge,X95,10,591697,Unreliable
Michigan,26,2013,2013,Male,M,"Mental and behavioural disorders due to multiple drug use and use of other psychoactive substances, harmful use",F19.1,31,594384,5.2
Michigan,26,2013,2013,Male,M,"Atherosclerotic cardiovascular disease, so described",I25.0,17,594384,Unreliable
Michigan,26,2013,2013,Male,M,Other ill-defined and unspecified causes of mortality,R99,16,594384,Unreliable
Michigan,26,2013,2013,Male,M,Pedestrian injured in traffic accident involving other and unspecified motor vehicles,V09.2,12,594384,Unreliable
Michigan,26,2013,2013,Male,M,Person injured in collision between other specified motor vehicles (traffic),V87.7,11,594384,Unreliable
Michigan,26,2013,2013,Male,M,"Person injured in unspecified motor-vehicle accident, traffic",V89.2,32,594384,5.4
Michigan,26,2013,2013,Male,M,"Accidental poisoning by and exposure to narcotics and psychodysleptics [hallucinogens], not elsewhere classified",X42,116,594384,19.5
Michigan,26,2013,2013,Male,M,"Accidental poisoning by and exposure to other and unspecified drugs, medicaments and biological substances",X44,74,594384,12.4
Michigan,26,2013,2013,Male,M,"Intentional self-harm by hanging, strangulation and suffocation",X70,54,594384,9.1
Michigan,26,2013,2013,Male,M,"Intentional self-harm by rifle, shotgun and larger firearm discharge",X73,13,594384,Unreliable
Michigan,26,2013,2013,Male,M,Intentional self-harm by other and unspecified firearm discharge,X74,58,594384,9.8
Michigan,26,2013,2013,Male,M,Assault by other and unspecified firearm discharge,X95,128,594384,21.5
Michigan,26,2013,2013,Male,M,"Poisoning by and exposure to other and unspecified drugs, medicaments and biological substances, undetermined intent",Y14,26,594384,4.4
Minnesota,27,2013,2013,Female,F,"Accidental poisoning by and exposure to other and unspecified drugs, medicaments and biological substances",X44,20,365904,5.5
Minnesota,27,2013,2013,Male,M,"Person injured in unspecified motor-vehicle accident, traffic",V89.2,18,376656,Unreliable
Minnesota,27,2013,2013,Male,M,"Accidental poisoning by and exposure to narcotics and psychodysleptics [hallucinogens], not elsewhere classified",X42,33,376656,8.8
Minnesota,27,2013,2013,Male,M,"Accidental poisoning by and exposure to other and unspecified drugs, medicaments and biological substances",X44,27,376656,7.2
Minnesota,27,2013,2013,Male,M,"Intentional self-harm by hanging, strangulation and suffocation",X70,32,376656,8.5
Minnesota,27,2013,2013,Male,M,"Intentional self-harm by rifle, shotgun and larger firearm discharge",X73,11,376656,Unreliable
Minnesota,27,2013,2013,Male,M,Intentional self-harm by other and unspecified firearm discharge,X74,23,376656,6.1
Minnesota,27,2013,2013,Male,M,Assault by other and unspecified firearm discharge,X95,22,376656,5.8
Mississippi,28,2013,2013,Female,F,"Person injured in unspecified motor-vehicle accident, traffic",V89.2,10,197370,Unreliable
Mississippi,28,2013,2013,Female,F,"Accidental poisoning by and exposure to other and unspecified drugs, medicaments and biological substances",X44,20,197370,10.1
Mississippi,28,2013,2013,Male,M,"Acute myocardial infarction, unspecified",I21.9,11,192714,Unreliable
Mississippi,28,2013,2013,Male,M,"Car occupant injured in collision with fixed or stationary object, driver injured in traffic accident",V47.5,20,192714,10.4
Mississippi,28,2013,2013,Male,M,"Person injured in unspecified motor-vehicle accident, traffic",V89.2,15,192714,Unreliable
Mississippi,28,2013,2013,Male,M,"Accidental poisoning by and exposure to narcotics and psychodysleptics [hallucinogens], not elsewhere classified",X42,11,192714,Unreliable
Mississippi,28,2013,2013,Male,M,"Accidental poisoning by and exposure to other and unspecified drugs, medicaments and biological substances",X44,22,192714,11.4
Mississippi,28,2013,2013,Male,M,"Intentional self-harm by hanging, strangulation and suffocation",X70,11,192714,Unreliable
Mississippi,28,2013,2013,Male,M,Intentional self-harm by handgun discharge,X72,10,192714,Unreliable
Mississippi,28,2013,2013,Male,M,Intentional self-harm by other and unspecified firearm discharge,X74,15,192714,Unreliable
Mississippi,28,2013,2013,Male,M,Assault by handgun discharge,X93,14,192714,Unreliable
Mississippi,28,2013,2013,Male,M,Assault by other and unspecified firearm discharge,X95,40,192714,20.8
Missouri,29,2013,2013,Female,F,"Person injured in unspecified motor-vehicle accident, traffic",V89.2,12,398432,Unreliable
Missouri,29,2013,2013,Female,F,"Accidental poisoning by and exposure to narcotics and psychodysleptics [hallucinogens], not elsewhere classified",X42,35,398432,8.8
Missouri,29,2013,2013,Female,F,"Accidental poisoning by and exposure to other and unspecified drugs, medicaments and biological substances",X44,20,398432,5
Missouri,29,2013,2013,Female,F,Assault by other and unspecified firearm discharge,X95,14,398432,Unreliable
Missouri,29,2013,2013,Male,M,"Acute myocardial infarction, unspecified",I21.9,12,398558,Unreliable
Missouri,29,2013,2013,Male,M,Person injured in collision between other specified motor vehicles (traffic),V87.7,13,398558,Unreliable
Missouri,29,2013,2013,Male,M,"Person injured in unspecified motor-vehicle accident, traffic",V89.2,37,398558,9.3
Missouri,29,2013,2013,Male,M,"Accidental poisoning by and exposure to narcotics and psychodysleptics [hallucinogens], not elsewhere classified",X42,75,398558,18.8
Missouri,29,2013,2013,Male,M,"Accidental poisoning by and exposure to other and unspecified drugs, medicaments and biological substances",X44,39,398558,9.8
Missouri,29,2013,2013,Male,M,"Intentional self-harm by hanging, strangulation and suffocation",X70,43,398558,10.8
Missouri,29,2013,2013,Male,M,Intentional self-harm by handgun discharge,X72,27,398558,6.8
Missouri,29,2013,2013,Male,M,Intentional self-harm by other and unspecified firearm discharge,X74,25,398558,6.3
Missouri,29,2013,2013,Male,M,Assault by other and unspecified firearm discharge,X95,83,398558,20.8
Montana,30,2013,2013,Male,M,"Intentional self-harm by hanging, strangulation and suffocation",X70,12,65401,Unreliable
Montana,30,2013,2013,Male,M,Intentional self-harm by other and unspecified firearm discharge,X74,10,65401,Unreliable
Nebraska,31,2013,2013,Male,M,"Intentional self-harm by hanging, strangulation and suffocation",X70,16,129305,Unreliable
Nebraska,31,2013,2013,Male,M,Assault by other and unspecified firearm discharge,X95,18,129305,Unreliable
Nevada,32,2013,2013,Female,F,"Accidental poisoning by and exposure to narcotics and psychodysleptics [hallucinogens], not elsewhere classified",X42,12,193205,Unreliable
Nevada,32,2013,2013,Female,F,"Accidental poisoning by and exposure to other and unspecified drugs, medicaments and biological substances",X44,11,193205,Unreliable
Nevada,32,2013,2013,Male,M,"Accidental poisoning by and exposure to antiepileptic, sedative-hypnotic, antiparkinsonism and psychotropic drugs, not elsewhere classified",X41,10,203977,Unreliable
Nevada,32,2013,2013,Male,M,"Accidental poisoning by and exposure to narcotics and psychodysleptics [hallucinogens], not elsewhere classified",X42,26,203977,12.7
Nevada,32,2013,2013,Male,M,"Accidental poisoning by and exposure to other and unspecified drugs, medicaments and biological substances",X44,27,203977,13.2
Nevada,32,2013,2013,Male,M,"Intentional self-harm by hanging, strangulation and suffocation",X70,18,203977,Unreliable
Nevada,32,2013,2013,Male,M,Intentional self-harm by other and unspecified firearm discharge,X74,37,203977,18.1
Nevada,32,2013,2013,Male,M,Assault by other and unspecified firearm discharge,X95,23,203977,11.3
New Hampshire,33,2013,2013,Male,M,"Accidental poisoning by and exposure to narcotics and psychodysleptics [hallucinogens], not elsewhere classified",X42,29,77022,37.7
New Jersey,34,2013,2013,Female,F,"Accidental poisoning by and exposure to narcotics and psychodysleptics [hallucinogens], not elsewhere classified",X42,24,565470,4.2
New Jersey,34,2013,2013,Female,F,"Accidental poisoning by and exposure to other and unspecified drugs, medicaments and biological substances",X44,59,565470,10.4
New Jersey,34,2013,2013,Male,M,"Septicaemia, unspecified",A41.9,10,574821,Unreliable
New Jersey,34,2013,2013,Male,M,Other ill-defined and unspecified causes of mortality,R99,14,574821,Unreliable
New Jersey,34,2013,2013,Male,M,Pedestrian injured in traffic accident involving other and unspecified motor vehicles,V09.2,13,574821,Unreliable
New Jersey,34,2013,2013,Male,M,"Person injured in unspecified motor-vehicle accident, traffic",V89.2,29,574821,5
New Jersey,34,2013,2013,Male,M,"Accidental poisoning by and exposure to narcotics and psychodysleptics [hallucinogens], not elsewhere classified",X42,95,574821,16.5
New Jersey,34,2013,2013,Male,M,"Accidental poisoning by and exposure to other and unspecified drugs, medicaments and biological substances",X44,128,574821,22.3
New Jersey,34,2013,2013,Male,M,"Intentional self-harm by hanging, strangulation and suffocation",X70,39,574821,6.8
New Jersey,34,2013,2013,Male,M,Intentional self-harm by other and unspecified firearm discharge,X74,13,574821,Unreliable
New Jersey,34,2013,2013,Male,M,Assault by other and unspecified firearm discharge,X95,102,574821,17.7
New Jersey,34,2013,2013,Male,M,Assault by sharp object,X99,11,574821,Unreliable
New Mexico,35,2013,2013,Male,M,"Accidental poisoning by and exposure to narcotics and psychodysleptics [hallucinogens], not elsewhere classified",X42,27,143308,18.8
New Mexico,35,2013,2013,Male,M,"Accidental poisoning by and exposure to other and unspecified drugs, medicaments and biological substances",X44,21,143308,14.7
New Mexico,35,2013,2013,Male,M,"Intentional self-harm by hanging, strangulation and suffocation",X70,23,143308,16
New Mexico,35,2013,2013,Male,M,Intentional self-harm by handgun discharge,X72,23,143308,16
New Mexico,35,2013,2013,Male,M,Assault by other and unspecified firearm discharge,X95,16,143308,Unreliable
New York,36,2013,2013,Female,F,"Breast, unspecified - Malignant neoplasms",C50.9,21,1410716,1.5
New York,36,2013,2013,Female,F,"Cervix uteri, unspecified - Malignant neoplasms",C53.9,10,1410716,Unreliable
New York,36,2013,2013,Female,F,"Brain, unspecified - Malignant neoplasms",C71.9,10,1410716,Unreliable
New York,36,2013,2013,Female,F,Other ill-defined and unspecified causes of mortality,R99,10,1410716,Unreliable
New York,36,2013,2013,Female,F,"Accidental poisoning by and exposure to narcotics and psychodysleptics [hallucinogens], not elsewhere classified",X42,45,1410716,3.2
New York,36,2013,2013,Female,F,"Accidental poisoning by and exposure to other and unspecified drugs, medicaments and biological substances",X44,43,1410716,3
New York,36,2013,2013,Female,F,"Intentional self-poisoning by and exposure to other and unspecified drugs, medicaments and biological substances",X64,11,1410716,Unreliable
New York,36,2013,2013,Female,F,"Intentional self-harm by hanging, strangulation and suffocation",X70,20,1410716,1.4
New York,36,2013,2013,Male,M,"Colon, unspecified - Malignant neoplasms",C18.9,11,1393001,Unreliable
New York,36,2013,2013,Male,M,"Connective and soft tissue, unspecified - Malignant neoplasms",C49.9,12,1393001,Unreliable
New York,36,2013,2013,Male,M,"Brain, unspecified - Malignant neoplasms",C71.9,10,1393001,Unreliable
New York,36,2013,2013,Male,M,Hypertensive heart disease without (congestive) heart failure,I11.9,20,1393001,1.4
New York,36,2013,2013,Male,M,"Atherosclerotic cardiovascular disease, so described",I25.0,21,1393001,1.5
New York,36,2013,2013,Male,M,Atherosclerotic heart disease,I25.1,12,1393001,Unreliable
New York,36,2013,2013,Male,M,"Asthma, unspecified",J45.9,11,1393001,Unreliable
New York,36,2013,2013,Male,M,Other ill-defined and unspecified causes of mortality,R99,42,1393001,3
New York,36,2013,2013,Male,M,Pedestrian injured in traffic accident involving other and unspecified motor vehicles,V09.2,18,1393001,Unreliable
New York,36,2013,2013,Male,M,"Motorcycle rider injured in collision with fixed or stationary object, driver injured in traffic accident",V27.4,14,1393001,Unreliable
New York,36,2013,2013,Male,M,Driver injured in collision with other and unspecified motor vehicles in traffic accident,V29.4,10,1393001,Unreliable
New York,36,2013,2013,Male,M,Person injured in collision between other specified motor vehicles (traffic),V87.7,16,1393001,Unreliable
New York,36,2013,2013,Male,M,"Person injured in unspecified motor-vehicle accident, traffic",V89.2,38,1393001,2.7
New York,36,2013,2013,Male,M,Drowning and submersion while in natural water,W69,13,1393001,Unreliable
New York,36,2013,2013,Male,M,"Accidental poisoning by and exposure to narcotics and psychodysleptics [hallucinogens], not elsewhere classified",X42,203,1393001,14.6
New York,36,2013,2013,Male,M,"Accidental poisoning by and exposure to other and unspecified drugs, medicaments and biological substances",X44,109,1393001,7.8
New York,36,2013,2013,Male,M,Accidental poisoning by and exposure to alcohol,X45,15,1393001,Unreliable
New York,36,2013,2013,Male,M,"Intentional self-poisoning by and exposure to other and unspecified drugs, medicaments and biological substances",X64,17,1393001,Unreliable
New York,36,2013,2013,Male,M,"Intentional self-harm by hanging, strangulation and suffocation",X70,87,1393001,6.2
New York,36,2013,2013,Male,M,"Intentional self-harm by rifle, shotgun and larger firearm discharge",X73,10,1393001,Unreliable
New York,36,2013,2013,Male,M,Intentional self-harm by other and unspecified firearm discharge,X74,30,1393001,2.2
New York,36,2013,2013,Male,M,Intentional self-harm by jumping from a high place,X80,21,1393001,1.5
New York,36,2013,2013,Male,M,Intentional self-harm by jumping or lying before moving object,X81,12,1393001,Unreliable
New York,36,2013,2013,Male,M,Assault by other and unspecified firearm discharge,X95,117,1393001,8.4
New York,36,2013,2013,Male,M,Assault by sharp object,X99,17,1393001,Unreliable
New York,36,2013,2013,Male,M,"Poisoning by and exposure to narcotics and psychodysleptics [hallucinogens], not elsewhere classified, undetermined intent",Y12,14,1393001,Unreliable
North Carolina,37,2013,2013,Female,F,"Breast, unspecified - Malignant neoplasms",C50.9,12,645009,Unreliable
North Carolina,37,2013,2013,Female,F,Other ill-defined and unspecified causes of mortality,R99,14,645009,Unreliable
North Carolina,37,2013,2013,Female,F,"Person injured in unspecified motor-vehicle accident, traffic",V89.2,35,645009,5.4
North Carolina,37,2013,2013,Female,F,"Accidental poisoning by and exposure to narcotics and psychodysleptics [hallucinogens], not elsewhere classified",X42,44,645009,6.8
North Carolina,37,2013,2013,Female,F,"Accidental poisoning by and exposure to other and unspecified drugs, medicaments and biological substances",X44,21,645009,3.3
North Carolina,37,2013,2013,Female,F,Intentional self-harm by other and unspecified firearm discharge,X74,12,645009,Unreliable
North Carolina,37,2013,2013,Female,F,Assault by other and unspecified firearm discharge,X95,16,645009,Unreliable
North Carolina,37,2013,2013,Male,M,Other obesity,E66.8,11,629536,Unreliable
North Carolina,37,2013,2013,Male,M,"Acute myocardial infarction, unspecified",I21.9,11,629536,Unreliable
North Carolina,37,2013,2013,Male,M,Other ill-defined and unspecified causes of mortality,R99,12,629536,Unreliable
North Carolina,37,2013,2013,Male,M,Pedestrian injured in traffic accident involving other and unspecified motor vehicles,V09.2,16,629536,Unreliable
North Carolina,37,2013,2013,Male,M,Motorcycle rider [any] injured in unspecified traffic accident,V29.9,12,629536,Unreliable
North Carolina,37,2013,2013,Male,M,Person injured in collision between other specified motor vehicles (traffic),V87.7,12,629536,Unreliable
North Carolina,37,2013,2013,Male,M,"Person injured in unspecified motor-vehicle accident, traffic",V89.2,80,629536,12.7
North Carolina,37,2013,2013,Male,M,"Accidental poisoning by and exposure to narcotics and psychodysleptics [hallucinogens], not elsewhere classified",X42,116,629536,18.4
North Carolina,37,2013,2013,Male,M,"Accidental poisoning by and exposure to other and unspecified drugs, medicaments and biological substances",X44,31,629536,4.9
North Carolina,37,2013,2013,Male,M,"Intentional self-harm by hanging, strangulation and suffocation",X70,43,629536,6.8
North Carolina,37,2013,2013,Male,M,Intentional self-harm by other and unspecified firearm discharge,X74,77,629536,12.2
North Carolina,37,2013,2013,Male,M,Assault by other and unspecified firearm discharge,X95,104,629536,16.5
Ohio,39,2013,2013,Female,F,"Cervix uteri, unspecified - Malignant neoplasms",C53.9,10,726137,Unreliable
Ohio,39,2013,2013,Female,F,"Person injured in unspecified motor-vehicle accident, traffic",V89.2,15,726137,Unreliable
Ohio,39,2013,2013,Female,F,"Accidental poisoning by and exposure to narcotics and psychodysleptics [hallucinogens], not elsewhere classified",X42,81,726137,11.2
Ohio,39,2013,2013,Female,F,"Accidental poisoning by and exposure to other and unspecified drugs, medicaments and biological substances",X44,67,726137,9.2
Ohio,39,2013,2013,Female,F,"Intentional self-harm by hanging, strangulation and suffocation",X70,24,726137,3.3
Ohio,39,2013,2013,Female,F,Intentional self-harm by other and unspecified firearm discharge,X74,12,726137,Unreliable
Ohio,39,2013,2013,Female,F,Assault by other and unspecified firearm discharge,X95,14,726137,Unreliable
Ohio,39,2013,2013,Male,M,"Malignant melanoma of skin, unspecified - Malignant neoplasms",C43.9,10,726004,Unreliable
Ohio,39,2013,2013,Male,M,"Acute myocardial infarction, unspecified",I21.9,16,726004,Unreliable
Ohio,39,2013,2013,Male,M,"Atherosclerotic cardiovascular disease, so described",I25.0,12,726004,Unreliable
Ohio,39,2013,2013,Male,M,Person injured in collision between other specified motor vehicles (traffic),V87.7,17,726004,Unreliable
Ohio,39,2013,2013,Male,M,"Person injured in unspecified motor-vehicle accident, traffic",V89.2,36,726004,5
Ohio,39,2013,2013,Male,M,"Accidental poisoning by and exposure to antiepileptic, sedative-hypnotic, antiparkinsonism and psychotropic drugs, not elsewhere classified",X41,11,726004,Unreliable
Ohio,39,2013,2013,Male,M,"Accidental poisoning by and exposure to narcotics and psychodysleptics [hallucinogens], not elsewhere classified",X42,240,726004,33.1
Ohio,39,2013,2013,Male,M,"Accidental poisoning by and exposure to other and unspecified drugs, medicaments and biological substances",X44,122,726004,16.8
Ohio,39,2013,2013,Male,M,"Intentional self-harm by hanging, strangulation and suffocation",X70,67,726004,9.2
Ohio,39,2013,2013,Male,M,Intentional self-harm by handgun discharge,X72,13,726004,Unreliable
Ohio,39,2013,2013,Male,M,"Intentional self-harm by rifle, shotgun and larger firearm discharge",X73,11,726004,Unreliable
Ohio,39,2013,2013,Male,M,Intentional self-harm by other and unspecified firearm discharge,X74,74,726004,10.2
Ohio,39,2013,2013,Male,M,Assault by other and unspecified firearm discharge,X95,105,726004,14.5
Oklahoma,40,2013,2013,Female,F,Other ill-defined and unspecified causes of mortality,R99,10,259959,Unreliable
Oklahoma,40,2013,2013,Female,F,"Person injured in unspecified motor-vehicle accident, traffic",V89.2,13,259959,Unreliable
Oklahoma,40,2013,2013,Female,F,"Accidental poisoning by and exposure to narcotics and psychodysleptics [hallucinogens], not elsewhere classified",X42,10,259959,Unreliable
Oklahoma,40,2013,2013,Female,F,"Accidental poisoning by and exposure to other and unspecified drugs, medicaments and biological substances",X44,22,259959,8.5
Oklahoma,40,2013,2013,Male,M,Other ill-defined and unspecified causes of mortality,R99,15,267113,Unreliable
Oklahoma,40,2013,2013,Male,M,"Person injured in unspecified motor-vehicle accident, traffic",V89.2,42,267113,15.7
Oklahoma,40,2013,2013,Male,M,"Accidental poisoning by and exposure to narcotics and psychodysleptics [hallucinogens], not elsewhere classified",X42,23,267113,8.6
Oklahoma,40,2013,2013,Male,M,"Accidental poisoning by and exposure to other and unspecified drugs, medicaments and biological substances",X44,37,267113,13.9
Oklahoma,40,2013,2013,Male,M,"Intentional self-harm by hanging, strangulation and suffocation",X70,30,267113,11.2
Oklahoma,40,2013,2013,Male,M,Intentional self-harm by handgun discharge,X72,38,267113,14.2
Oklahoma,40,2013,2013,Male,M,"Intentional self-harm by rifle, shotgun and larger firearm discharge",X73,13,267113,Unreliable
Oklahoma,40,2013,2013,Male,M,Intentional self-harm by other and unspecified firearm discharge,X74,11,267113,Unreliable
Oklahoma,40,2013,2013,Male,M,Assault by handgun discharge,X93,12,267113,Unreliable
Oklahoma,40,2013,2013,Male,M,Assault by other and unspecified firearm discharge,X95,18,267113,Unreliable
Oregon,41,2013,2013,Female,F,"Accidental poisoning by and exposure to narcotics and psychodysleptics [hallucinogens], not elsewhere classified",X42,11,265438,Unreliable
Oregon,41,2013,2013,Male,M,"Accidental poisoning by and exposure to narcotics and psychodysleptics [hallucinogens], not elsewhere classified",X42,29,270342,10.7
Oregon,41,2013,2013,Male,M,"Intentional self-harm by hanging, strangulation and suffocation",X70,24,270342,8.9
Oregon,41,2013,2013,Male,M,Intentional self-harm by handgun discharge,X72,27,270342,10
Pennsylvania,42,2013,2013,Female,F,"Septicaemia, unspecified",A41.9,10,798608,Unreliable
Pennsylvania,42,2013,2013,Female,F,"Breast, unspecified - Malignant neoplasms",C50.9,14,798608,Unreliable
Pennsylvania,42,2013,2013,Female,F,Other ill-defined and unspecified causes of mortality,R99,17,798608,Unreliable
Pennsylvania,42,2013,2013,Female,F,Person injured in collision between other specified motor vehicles (traffic),V87.7,10,798608,Unreliable
Pennsylvania,42,2013,2013,Female,F,"Person injured in unspecified motor-vehicle accident, traffic",V89.2,29,798608,3.6
Pennsylvania,42,2013,2013,Female,F,"Accidental poisoning by and exposure to narcotics and psychodysleptics [hallucinogens], not elsewhere classified",X42,39,798608,4.9
Pennsylvania,42,2013,2013,Female,F,"Accidental poisoning by and exposure to other and unspecified drugs, medicaments and biological substances",X44,111,798608,13.9
Pennsylvania,42,2013,2013,Female,F,"Intentional self-poisoning by and exposure to other and unspecified drugs, medicaments and biological substances",X64,14,798608,Unreliable
Pennsylvania,42,2013,2013,Female,F,"Intentional self-harm by hanging, strangulation and suffocation",X70,17,798608,Unreliable
Pennsylvania,42,2013,2013,Female,F,Intentional self-harm by other and unspecified firearm discharge,X74,19,798608,Unreliable
Pennsylvania,42,2013,2013,Female,F,Assault by other and unspecified firearm discharge,X95,13,798608,Unreliable
Pennsylvania,42,2013,2013,Male,M,"Infantile cerebral palsy, unspecified",G80.9,12,813225,Unreliable
Pennsylvania,42,2013,2013,Male,M,"Acute myocardial infarction, unspecified",I21.9,10,813225,Unreliable
Pennsylvania,42,2013,2013,Male,M,Atherosclerotic heart disease,I25.1,10,813225,Unreliable
Pennsylvania,42,2013,2013,Male,M,Other ill-defined and unspecified causes of mortality,R99,42,813225,5.2
Pennsylvania,42,2013,2013,Male,M,Pedestrian injured in traffic accident involving other and unspecified motor vehicles,V09.2,12,813225,Unreliable
Pennsylvania,42,2013,2013,Male,M,Person injured in collision between other specified motor vehicles (traffic),V87.7,20,813225,2.5
Pennsylvania,42,2013,2013,Male,M,"Person injured in unspecified motor-vehicle accident, traffic",V89.2,54,813225,6.6
Pennsylvania,42,2013,2013,Male,M,"Accidental poisoning by and exposure to narcotics and psychodysleptics [hallucinogens], not elsewhere classified",X42,154,813225,18.9
Pennsylvania,42,2013,2013,Male,M,"Accidental poisoning by and exposure to other and unspecified drugs, medicaments and biological substances",X44,242,813225,29.8
Pennsylvania,42,2013,2013,Male,M,"Intentional self-harm by hanging, strangulation and suffocation",X70,68,813225,8.4
Pennsylvania,42,2013,2013,Male,M,Intentional self-harm by handgun discharge,X72,15,813225,Unreliable
Pennsylvania,42,2013,2013,Male,M,Intentional self-harm by other and unspecified firearm discharge,X74,67,813225,8.2
Pennsylvania,42,2013,2013,Male,M,Assault by other and unspecified firearm discharge,X95,115,813225,14.1
Rhode Island,44,2013,2013,Male,M,"Accidental poisoning by and exposure to narcotics and psychodysleptics [hallucinogens], not elsewhere classified",X42,22,68274,32.2
Rhode Island,44,2013,2013,Male,M,"Accidental poisoning by and exposure to other and unspecified drugs, medicaments and biological substances",X44,14,68274,Unreliable
South Carolina,45,2013,2013,Female,F,"Person injured in unspecified motor-vehicle accident, traffic",V89.2,20,309937,6.5
South Carolina,45,2013,2013,Female,F,"Accidental poisoning by and exposure to narcotics and psychodysleptics [hallucinogens], not elsewhere classified",X42,11,309937,Unreliable
South Carolina,45,2013,2013,Female,F,"Accidental poisoning by and exposure to other and unspecified drugs, medicaments and biological substances",X44,17,309937,Unreliable
South Carolina,45,2013,2013,Female,F,Assault by other and unspecified firearm discharge,X95,15,309937,Unreliable
South Carolina,45,2013,2013,Male,M,"Acute myocardial infarction, unspecified",I21.9,15,304279,Unreliable
South Carolina,45,2013,2013,Male,M,Cardiomegaly,I51.7,10,304279,Unreliable
South Carolina,45,2013,2013,Male,M,"Person injured in unspecified motor-vehicle accident, traffic",V89.2,49,304279,16.1
South Carolina,45,2013,2013,Male,M,"Accidental poisoning by and exposure to narcotics and psychodysleptics [hallucinogens], not elsewhere classified",X42,20,304279,6.6
South Carolina,45,2013,2013,Male,M,"Accidental poisoning by and exposure to other and unspecified drugs, medicaments and biological substances",X44,37,304279,12.2
South Carolina,45,2013,2013,Male,M,"Intentional self-harm by hanging, strangulation and suffocation",X70,14,304279,Unreliable
South Carolina,45,2013,2013,Male,M,Intentional self-harm by other and unspecified firearm discharge,X74,54,304279,17.7
South Carolina,45,2013,2013,Male,M,Assault by other and unspecified firearm discharge,X95,51,304279,16.8
Tennessee,47,2013,2013,Female,F,Other ill-defined and unspecified causes of mortality,R99,11,427763,Unreliable
Tennessee,47,2013,2013,Female,F,"Person injured in unspecified motor-vehicle accident, traffic",V89.2,30,427763,7
Tennessee,47,2013,2013,Female,F,"Accidental poisoning by and exposure to narcotics and psychodysleptics [hallucinogens], not elsewhere classified",X42,18,427763,Unreliable
Tennessee,47,2013,2013,Female,F,"Accidental poisoning by and exposure to other and unspecified drugs, medicaments and biological substances",X44,44,427763,10.3
Tennessee,47,2013,2013,Female,F,Intentional self-harm by other and unspecified firearm discharge,X74,15,427763,Unreliable
Tennessee,47,2013,2013,Female,F,Assault by other and unspecified firearm discharge,X95,11,427763,Unreliable
Tennessee,47,2013,2013,Male,M,Other ill-defined and unspecified causes of mortality,R99,18,418609,Unreliable
Tennessee,47,2013,2013,Male,M,Motorcycle rider [any] injured in unspecified traffic accident,V29.9,15,418609,Unreliable
Tennessee,47,2013,2013,Male,M,"Person injured in unspecified motor-vehicle accident, traffic",V89.2,70,418609,16.7
Tennessee,47,2013,2013,Male,M,"Accidental poisoning by and exposure to narcotics and psychodysleptics [hallucinogens], not elsewhere classified",X42,36,418609,8.6
Tennessee,47,2013,2013,Male,M,"Accidental poisoning by and exposure to other and unspecified drugs, medicaments and biological substances",X44,73,418609,17.4
Tennessee,47,2013,2013,Male,M,"Intentional self-harm by hanging, strangulation and suffocation",X70,41,418609,9.8
Tennessee,47,2013,2013,Male,M,Intentional self-harm by other and unspecified firearm discharge,X74,51,418609,12.2
Tennessee,47,2013,2013,Male,M,Assault by other and unspecified firearm discharge,X95,82,418609,19.6
Texas,48,2013,2013,Female,F,"Colon, unspecified - Malignant neoplasms",C18.9,15,1884360,Unreliable
Texas,48,2013,2013,Female,F,"Breast, unspecified - Malignant neoplasms",C50.9,34,1884360,1.8
Texas,48,2013,2013,Female,F,"Cervix uteri, unspecified - Malignant neoplasms",C53.9,27,1884360,1.4
Texas,48,2013,2013,Female,F,"Brain, unspecified - Malignant neoplasms",C71.9,11,1884360,Unreliable
Texas,48,2013,2013,Female,F,"Unspecified diabetes mellitus, with ketoacidosis",E14.1,10,1884360,Unreliable
Texas,48,2013,2013,Female,F,Hypertensive heart disease without (congestive) heart failure,I11.9,11,1884360,Unreliable
Texas,48,2013,2013,Female,F,"Acute myocardial infarction, unspecified",I21.9,17,1884360,Unreliable
Texas,48,2013,2013,Female,F,Pulmonary embolism without mention of acute cor pulmonale,I26.9,12,1884360,Unreliable
Texas,48,2013,2013,Female,F,"Subarachnoid haemorrhage, unspecified",I60.9,10,1884360,Unreliable
Texas,48,2013,2013,Female,F,"Pneumonia, unspecified",J18.9,10,1884360,Unreliable
Texas,48,2013,2013,Female,F,Systemic lupus erythematosus with organ or system involvement,M32.1,11,1884360,Unreliable
Texas,48,2013,2013,Female,F,Other ill-defined and unspecified causes of mortality,R99,31,1884360,1.6
Texas,48,2013,2013,Female,F,Pedestrian injured in traffic accident involving other and unspecified motor vehicles,V09.2,14,1884360,Unreliable
Texas,48,2013,2013,Female,F,Car occupant [any] injured in unspecified traffic accident,V49.9,13,1884360,Unreliable
Texas,48,2013,2013,Female,F,Person injured in collision between other specified motor vehicles (traffic),V87.7,27,1884360,1.4
Texas,48,2013,2013,Female,F,"Person injured in unspecified motor-vehicle accident, traffic",V89.2,59,1884360,3.1
Texas,48,2013,2013,Female,F,"Accidental poisoning by and exposure to antiepileptic, sedative-hypnotic, antiparkinsonism and psychotropic drugs, not elsewhere classified",X41,16,1884360,Unreliable
Texas,48,2013,2013,Female,F,"Accidental poisoning by and exposure to narcotics and psychodysleptics [hallucinogens], not elsewhere classified",X42,41,1884360,2.2
Texas,48,2013,2013,Female,F,"Accidental poisoning by and exposure to other and unspecified drugs, medicaments and biological substances",X44,70,1884360,3.7
Texas,48,2013,2013,Female,F,"Intentional self-poisoning by and exposure to other and unspecified drugs, medicaments and biological substances",X64,11,1884360,Unreliable
Texas,48,2013,2013,Female,F,"Intentional self-harm by hanging, strangulation and suffocation",X70,37,1884360,2
Texas,48,2013,2013,Female,F,Intentional self-harm by other and unspecified firearm discharge,X74,33,1884360,1.8
Texas,48,2013,2013,Female,F,Assault by other and unspecified firearm discharge,X95,33,1884360,1.8
Texas,48,2013,2013,Male,M,"Septicaemia, unspecified",A41.9,19,1947287,Unreliable
Texas,48,2013,2013,Male,M,HIV disease resulting in multiple diseases classified elsewhere,B22.7,15,1947287,Unreliable
Texas,48,2013,2013,Male,M,"Stomach, unspecified - Malignant neoplasms",C16.9,12,1947287,Unreliable
Texas,48,2013,2013,Male,M,"Colon, unspecified - Malignant neoplasms",C18.9,13,1947287,Unreliable
Texas,48,2013,2013,Male,M,"Connective and soft tissue, unspecified - Malignant neoplasms",C49.9,11,1947287,Unreliable
Texas,48,2013,2013,Male,M,"Brain, unspecified - Malignant neoplasms",C71.9,23,1947287,1.2
Texas,48,2013,2013,Male,M,Acute lymphoblastic leukaemia - Malignant neoplasms,C91.0,12,1947287,Unreliable
Texas,48,2013,2013,Male,M,"Unspecified diabetes mellitus, with ketoacidosis",E14.1,13,1947287,Unreliable
Texas,48,2013,2013,Male,M,Other obesity,E66.8,15,1947287,Unreliable
Texas,48,2013,2013,Male,M,"Epilepsy, unspecified",G40.9,12,1947287,Unreliable
Texas,48,2013,2013,Male,M,"Infantile cerebral palsy, unspecified",G80.9,13,1947287,Unreliable
Texas,48,2013,2013,Male,M,"Anoxic brain damage, not elsewhere classified",G93.1,18,1947287,Unreliable
Texas,48,2013,2013,Male,M,Hypertensive heart disease without (congestive) heart failure,I11.9,28,1947287,1.4
Texas,48,2013,2013,Male,M,"Acute myocardial infarction, unspecified",I21.9,32,1947287,1.6
Texas,48,2013,2013,Male,M,"Atherosclerotic cardiovascular disease, so described",I25.0,18,1947287,Unreliable
Texas,48,2013,2013,Male,M,"Cardiomyopathy, unspecified",I42.9,18,1947287,Unreliable
Texas,48,2013,2013,Male,M,Cardiomegaly,I51.7,16,1947287,Unreliable
Texas,48,2013,2013,Male,M,Alcoholic cirrhosis of liver,K70.3,15,1947287,Unreliable
Texas,48,2013,2013,Male,M,Other and unspecified convulsions,R56.8,19,1947287,Unreliable
Texas,48,2013,2013,Male,M,Other ill-defined and unspecified causes of mortality,R99,60,1947287,3.1
Texas,48,2013,2013,Male,M,"Pedestrian injured in collision with car, pick-up truck or van, traffic accident",V03.1,14,1947287,Unreliable
Texas,48,2013,2013,Male,M,Pedestrian injured in traffic accident involving other and unspecified motor vehicles,V09.2,40,1947287,2.1
Texas,48,2013,2013,Male,M,"Motorcycle rider injured in collision with car, pick-up truck or van, driver injured in traffic accident",V23.4,14,1947287,Unreliable
Texas,48,2013,2013,Male,M,"Motorcycle rider injured in collision with fixed or stationary object, driver injured in traffic accident",V27.4,16,1947287,Unreliable
Texas,48,2013,2013,Male,M,"Motorcycle rider injured in noncollision transport accident, driver injured in traffic accident",V28.4,13,1947287,Unreliable
Texas,48,2013,2013,Male,M,Driver injured in collision with other and unspecified motor vehicles in traffic accident,V29.4,25,1947287,1.3
Texas,48,2013,2013,Male,M,Motorcycle rider [any] injured in unspecified traffic accident,V29.9,22,1947287,1.1
Texas,48,2013,2013,Male,M,"Car occupant injured in collision with car, pick-up truck or van, driver injured in traffic accident",V43.5,12,1947287,Unreliable
Texas,48,2013,2013,Male,M,"Car occupant injured in collision with fixed or stationary object, driver injured in traffic accident",V47.5,15,1947287,Unreliable
Texas,48,2013,2013,Male,M,"Car occupant injured in noncollision transport accident, driver injured in traffic accident",V48.5,13,1947287,Unreliable
Texas,48,2013,2013,Male,M,Car occupant [any] injured in unspecified traffic accident,V49.9,21,1947287,1.1
Texas,48,2013,2013,Male,M,Person injured in collision between other specified motor vehicles (traffic),V87.7,70,1947287,3.6
Texas,48,2013,2013,Male,M,"Person injured in unspecified motor-vehicle accident, traffic",V89.2,162,1947287,8.3
Texas,48,2013,2013,Male,M,Drowning and submersion while in natural water,W69,30,1947287,1.5
Texas,48,2013,2013,Male,M,"Accidental poisoning by and exposure to antiepileptic, sedative-hypnotic, antiparkinsonism and psychotropic drugs, not elsewhere classified",X41,47,1947287,2.4
Texas,48,2013,2013,Male,M,"Accidental poisoning by and exposure to narcotics and psychodysleptics [hallucinogens], not elsewhere classified",X42,128,1947287,6.6
Texas,48,2013,2013,Male,M,"Accidental poisoning by and exposure to other and unspecified drugs, medicaments and biological substances",X44,124,1947287,6.4
Texas,48,2013,2013,Male,M,Accidental poisoning by and exposure to alcohol,X45,14,1947287,Unreliable
Texas,48,2013,2013,Male,M,"Intentional self-poisoning by and exposure to other and unspecified drugs, medicaments and biological substances",X64,14,1947287,Unreliable
Texas,48,2013,2013,Male,M,"Intentional self-harm by hanging, strangulation and suffocation",X70,146,1947287,7.5
Texas,48,2013,2013,Male,M,Intentional self-harm by handgun discharge,X72,26,1947287,1.3
Texas,48,2013,2013,Male,M,"Intentional self-harm by rifle, shotgun and larger firearm discharge",X73,23,1947287,1.2
Texas,48,2013,2013,Male,M,Intentional self-harm by other and unspecified firearm discharge,X74,196,1947287,10.1
Texas,48,2013,2013,Male,M,Assault by handgun discharge,X93,11,1947287,Unreliable
Texas,48,2013,2013,Male,M,"Assault by rifle, shotgun and larger firearm discharge",X94,10,1947287,Unreliable
Texas,48,2013,2013,Male,M,Assault by other and unspecified firearm discharge,X95,216,1947287,11.1
Texas,48,2013,2013,Male,M,Assault by sharp object,X99,23,1947287,1.2
Texas,48,2013,2013,Male,M,Assault by unspecified means,Y09,15,1947287,Unreliable
Utah,49,2013,2013,Female,F,"Accidental poisoning by and exposure to narcotics and psychodysleptics [hallucinogens], not elsewhere classified",X42,10,216831,Unreliable
Utah,49,2013,2013,Female,F,"Accidental poisoning by and exposure to other and unspecified drugs, medicaments and biological substances",X44,19,216831,Unreliable
Utah,49,2013,2013,Female,F,"Intentional self-harm by hanging, strangulation and suffocation",X70,13,216831,Unreliable
Utah,49,2013,2013,Male,M,"Accidental poisoning by and exposure to narcotics and psychodysleptics [hallucinogens], not elsewhere classified",X42,37,223905,16.5
Utah,49,2013,2013,Male,M,"Accidental poisoning by and exposure to other and unspecified drugs, medicaments and biological substances",X44,30,223905,13.4
Utah,49,2013,2013,Male,M,"Intentional self-harm by hanging, strangulation and suffocation",X70,29,223905,13
Utah,49,2013,2013,Male,M,Intentional self-harm by handgun discharge,X72,29,223905,13
Utah,49,2013,2013,Male,M,"Intentional self-harm by rifle, shotgun and larger firearm discharge",X73,12,223905,Unreliable
Virginia,51,2013,2013,Female,F,"Breast, unspecified - Malignant neoplasms",C50.9,13,573715,Unreliable
Virginia,51,2013,2013,Female,F,"Person injured in unspecified motor-vehicle accident, traffic",V89.2,12,573715,Unreliable
Virginia,51,2013,2013,Female,F,"Accidental poisoning by and exposure to narcotics and psychodysleptics [hallucinogens], not elsewhere classified",X42,21,573715,3.7
Virginia,51,2013,2013,Female,F,"Accidental poisoning by and exposure to other and unspecified drugs, medicaments and biological substances",X44,32,573715,5.6
Virginia,51,2013,2013,Male,M,Hypertensive heart disease without (congestive) heart failure,I11.9,11,587078,Unreliable
Virginia,51,2013,2013,Male,M,Other ill-defined and unspecified causes of mortality,R99,11,587078,Unreliable
Virginia,51,2013,2013,Male,M,"Person injured in unspecified motor-vehicle accident, traffic",V89.2,55,587078,9.4
Virginia,51,2013,2013,Male,M,"Accidental poisoning by and exposure to narcotics and psychodysleptics [hallucinogens], not elsewhere classified",X42,94,587078,16
Virginia,51,2013,2013,Male,M,"Accidental poisoning by and exposure to other and unspecified drugs, medicaments and biological substances",X44,40,587078,6.8
Virginia,51,2013,2013,Male,M,"Intentional self-poisoning by and exposure to other and unspecified drugs, medicaments and biological substances",X64,10,587078,Unreliable
Virginia,51,2013,2013,Male,M,"Intentional self-harm by hanging, strangulation and suffocation",X70,37,587078,6.3
Virginia,51,2013,2013,Male,M,Intentional self-harm by handgun discharge,X72,28,587078,4.8
Virginia,51,2013,2013,Male,M,"Intentional self-harm by rifle, shotgun and larger firearm discharge",X73,15,587078,Unreliable
Virginia,51,2013,2013,Male,M,Intentional self-harm by other and unspecified firearm discharge,X74,25,587078,4.3
Virginia,51,2013,2013,Male,M,Assault by handgun discharge,X93,19,587078,Unreliable
Virginia,51,2013,2013,Male,M,Assault by other and unspecified firearm discharge,X95,34,587078,5.8
Washington,53,2013,2013,Female,F,"Accidental poisoning by and exposure to narcotics and psychodysleptics [hallucinogens], not elsewhere classified",X42,15,483895,Unreliable
Washington,53,2013,2013,Female,F,"Accidental poisoning by and exposure to other and unspecified drugs, medicaments and biological substances",X44,26,483895,5.4
Washington,53,2013,2013,Female,F,"Intentional self-harm by hanging, strangulation and suffocation",X70,14,483895,Unreliable
Washington,53,2013,2013,Male,M,"Car occupant injured in collision with fixed or stationary object, driver injured in traffic accident",V47.5,10,512019,Unreliable
Washington,53,2013,2013,Male,M,"Accidental poisoning by and exposure to narcotics and psychodysleptics [hallucinogens], not elsewhere classified",X42,54,512019,10.5
Washington,53,2013,2013,Male,M,"Accidental poisoning by and exposure to other and unspecified drugs, medicaments and biological substances",X44,37,512019,7.2
Washington,53,2013,2013,Male,M,"Intentional self-harm by hanging, strangulation and suffocation",X70,56,512019,10.9
Washington,53,2013,2013,Male,M,Intentional self-harm by handgun discharge,X72,29,512019,5.7
Washington,53,2013,2013,Male,M,"Intentional self-harm by rifle, shotgun and larger firearm discharge",X73,16,512019,Unreliable
Washington,53,2013,2013,Male,M,Intentional self-harm by other and unspecified firearm discharge,X74,15,512019,Unreliable
Washington,53,2013,2013,Male,M,Assault by other and unspecified firearm discharge,X95,25,512019,4.9
West Virginia,54,2013,2013,Female,F,"Accidental poisoning by and exposure to other and unspecified drugs, medicaments and biological substances",X44,33,107729,30.6
West Virginia,54,2013,2013,Male,M,"Person injured in unspecified motor-vehicle accident, traffic",V89.2,12,111676,Unreliable
West Virginia,54,2013,2013,Male,M,"Accidental poisoning by and exposure to narcotics and psychodysleptics [hallucinogens], not elsewhere classified",X42,36,111676,32.2
West Virginia,54,2013,2013,Male,M,"Accidental poisoning by and exposure to other and unspecified drugs, medicaments and biological substances",X44,54,111676,48.4
West Virginia,54,2013,2013,Male,M,Intentional self-harm by handgun discharge,X72,14,111676,Unreliable
West Virginia,54,2013,2013,Male,M,Intentional self-harm by other and unspecified firearm discharge,X74,11,111676,Unreliable
Wisconsin,55,2013,2013,Female,F,"Accidental poisoning by and exposure to narcotics and psychodysleptics [hallucinogens], not elsewhere classified",X42,19,359671,Unreliable
Wisconsin,55,2013,2013,Female,F,"Accidental poisoning by and exposure to other and unspecified drugs, medicaments and biological substances",X44,39,359671,10.8
Wisconsin,55,2013,2013,Male,M,"Car occupant injured in collision with fixed or stationary object, driver injured in traffic accident",V47.5,11,372543,Unreliable
Wisconsin,55,2013,2013,Male,M,"Accidental poisoning by and exposure to narcotics and psychodysleptics [hallucinogens], not elsewhere classified",X42,59,372543,15.8
Wisconsin,55,2013,2013,Male,M,"Accidental poisoning by and exposure to other and unspecified drugs, medicaments and biological substances",X44,46,372543,12.3
Wisconsin,55,2013,2013,Male,M,"Intentional self-harm by hanging, strangulation and suffocation",X70,44,372543,11.8
Wisconsin,55,2013,2013,Male,M,Intentional self-harm by handgun discharge,X72,26,372543,7
Wisconsin,55,2013,2013,Male,M,"Intentional self-harm by rifle, shotgun and larger firearm discharge",X73,19,372543,Unreliable
Wisconsin,55,2013,2013,Male,M,Intentional self-harm by other and unspecified firearm discharge,X74,10,372543,Unreliable
Wisconsin,55,2013,2013,Male,M,Assault by other and unspecified firearm discharge,X95,19,372543,Unreliable
